cable,outletPort,floor,room,serves,endpoint,domain,rack,patchPanel,ppPort,switch,switchPort,poeClass,length_m,labelRackEnd,labelOutletEnd
C-TO-L1-023-A,TO-L1-023-A,L1,L1-LOBBY,AP-L1-01,ap,NET-OFFICE,RK-L1-01,PP-01,1,SW-ACC-01,1,4,35.8,PP-01-01 > TO-L1-023-A,TO-L1-023-A > PP-01-01
C-TO-L1-024-A,TO-L1-024-A,L1,L1-IMPL,AP-L1-02,ap,NET-OFFICE,RK-L1-01,PP-01,2,SW-ACC-01,2,4,29.3,PP-01-02 > TO-L1-024-A,TO-L1-024-A > PP-01-02
C-TO-L1-025-A,TO-L1-025-A,L1,L1-CORR,AP-L1-03,ap,NET-OFFICE,RK-L1-01,PP-01,3,SW-ACC-01,3,4,34.9,PP-01-03 > TO-L1-025-A,TO-L1-025-A > PP-01-03
C-TO-L1-026-A,TO-L1-026-A,L1,L1-NCORR,AP-L1-04,ap,NET-OFFICE,RK-L1-01,PP-01,4,SW-ACC-01,4,4,26.7,PP-01-04 > TO-L1-026-A,TO-L1-026-A > PP-01-04
C-TO-L1-027-A,TO-L1-027-A,L1,L1-NCORR,AP-L1-05,ap,NET-OFFICE,RK-L1-01,PP-01,5,SW-ACC-01,5,4,12.7,PP-01-05 > TO-L1-027-A,TO-L1-027-A > PP-01-05
C-TO-L1-028-A,TO-L1-028-A,L1,L1-LOBBY,CAM-L1-01,camera,NET-OFFICE,RK-L1-01,PP-01,6,SW-ACC-01,6,3,36.7,PP-01-06 > TO-L1-028-A,TO-L1-028-A > PP-01-06
C-TO-L1-029-A,TO-L1-029-A,L1,L1-CORR,CAM-L1-02,camera,NET-OFFICE,RK-L1-01,PP-01,7,SW-ACC-01,7,3,40.9,PP-01-07 > TO-L1-029-A,TO-L1-029-A > PP-01-07
C-TO-L1-030-A,TO-L1-030-A,L1,L1-BRUNO,CAM-L1-03,camera,NET-OFFICE,RK-L1-01,PP-01,8,SW-ACC-01,8,3,17.2,PP-01-08 > TO-L1-030-A,TO-L1-030-A > PP-01-08
C-TO-L2-008-A,TO-L2-008-A,L2,L2-LOUNGE,AP-L2-01,ap,NET-OFFICE,RK-L1-01,PP-01,9,SW-ACC-01,9,4,43.1,PP-01-09 > TO-L2-008-A,TO-L2-008-A > PP-01-09
C-TO-L2-009-A,TO-L2-009-A,L2,L2-DINE,AP-L2-02,ap,NET-OFFICE,RK-L1-01,PP-01,10,SW-ACC-01,10,4,46.1,PP-01-10 > TO-L2-009-A,TO-L2-009-A > PP-01-10
C-TO-L2-010-A,TO-L2-010-A,L2,L2-GAME,AP-L2-03,ap,NET-OFFICE,RK-L1-01,PP-01,11,SW-ACC-01,11,4,21.1,PP-01-11 > TO-L2-010-A,TO-L2-010-A > PP-01-11
C-TO-L2-011-A,TO-L2-011-A,L2,L2-CORR,AP-L2-04,ap,NET-OFFICE,RK-L1-01,PP-01,12,SW-ACC-01,12,4,45.9,PP-01-12 > TO-L2-011-A,TO-L2-011-A > PP-01-12
C-TO-L2-012-A,TO-L2-012-A,L2,L2-NCORR,AP-L2-05,ap,NET-OFFICE,RK-L1-01,PP-01,13,SW-ACC-01,13,4,33.1,PP-01-13 > TO-L2-012-A,TO-L2-012-A > PP-01-13
C-TO-L2-013-A,TO-L2-013-A,L2,L2-GYM,AP-L2-06,ap,NET-OFFICE,RK-L1-01,PP-01,14,SW-ACC-01,14,4,29.1,PP-01-14 > TO-L2-013-A,TO-L2-013-A > PP-01-14
C-TO-L2-014-A,TO-L2-014-A,L2,L2-CORR,CAM-L2-01,camera,NET-OFFICE,RK-L1-01,PP-01,15,SW-ACC-01,15,3,48.9,PP-01-15 > TO-L2-014-A,TO-L2-014-A > PP-01-15
C-TO-L2-015-A,TO-L2-015-A,L2,L2-NCORR,CAM-L2-02,camera,NET-OFFICE,RK-L1-01,PP-01,16,SW-ACC-01,16,3,15.6,PP-01-16 > TO-L2-015-A,TO-L2-015-A > PP-01-16
C-TO-L1-001-A,TO-L1-001-A,L1,L1-LOBBY,FX-L1-001,workstation,NET-OFFICE,RK-L1-01,PP-01,17,SW-ACC-01,17,,36.9,PP-01-17 > TO-L1-001-A,TO-L1-001-A > PP-01-17
C-TO-L1-001-B,TO-L1-001-B,L1,L1-LOBBY,FX-L1-001,printer,NET-OFFICE,RK-L1-01,PP-01,18,SW-ACC-01,18,,36.9,PP-01-18 > TO-L1-001-B,TO-L1-001-B > PP-01-18
C-TO-L1-002-A,TO-L1-002-A,L1,L1-LOBBY,FX-L1-009,signage,NET-DEMO,RK-L1-01,PP-01,19,SW-ACC-01,19,,35.6,PP-01-19 > TO-L1-002-A,TO-L1-002-A > PP-01-19
C-TO-L1-003-A,TO-L1-003-A,L1,L1-MEET,FX-L1-011,table_box,NET-OFFICE,RK-L1-01,PP-01,20,SW-ACC-01,20,,47.7,PP-01-20 > TO-L1-003-A,TO-L1-003-A > PP-01-20
C-TO-L1-003-B,TO-L1-003-B,L1,L1-MEET,FX-L1-011,spare,NET-OFFICE,RK-L1-01,PP-01,21,SW-ACC-01,21,,47.7,PP-01-21 > TO-L1-003-B,TO-L1-003-B > PP-01-21
C-TO-L1-004-A,TO-L1-004-A,L1,L1-MEET,FX-L1-022,display,NET-OFFICE,RK-L1-01,PP-01,22,SW-ACC-01,22,,50.6,PP-01-22 > TO-L1-004-A,TO-L1-004-A > PP-01-22
C-TO-L1-005-A,TO-L1-005-A,L1,L1-IMPL,FX-L1-053,workstation,NET-OFFICE,RK-L1-01,PP-01,23,SW-ACC-01,23,,34.7,PP-01-23 > TO-L1-005-A,TO-L1-005-A > PP-01-23
C-TO-L1-005-B,TO-L1-005-B,L1,L1-IMPL,FX-L1-053,phone_or_spare,NET-OFFICE,RK-L1-01,PP-01,24,SW-ACC-01,24,,34.7,PP-01-24 > TO-L1-005-B,TO-L1-005-B > PP-01-24
C-TO-L1-006-A,TO-L1-006-A,L1,L1-IMPL,FX-L1-055,workstation,NET-OFFICE,RK-L1-01,PP-02,1,SW-ACC-02,1,,31.9,PP-02-01 > TO-L1-006-A,TO-L1-006-A > PP-02-01
C-TO-L1-006-B,TO-L1-006-B,L1,L1-IMPL,FX-L1-055,phone_or_spare,NET-OFFICE,RK-L1-01,PP-02,2,SW-ACC-02,2,,31.9,PP-02-02 > TO-L1-006-B,TO-L1-006-B > PP-02-02
C-TO-L1-007-A,TO-L1-007-A,L1,L1-IMPL,FX-L1-057,workstation,NET-OFFICE,RK-L1-01,PP-02,3,SW-ACC-02,3,,33.1,PP-02-03 > TO-L1-007-A,TO-L1-007-A > PP-02-03
C-TO-L1-007-B,TO-L1-007-B,L1,L1-IMPL,FX-L1-057,phone_or_spare,NET-OFFICE,RK-L1-01,PP-02,4,SW-ACC-02,4,,33.1,PP-02-04 > TO-L1-007-B,TO-L1-007-B > PP-02-04
C-TO-L1-008-A,TO-L1-008-A,L1,L1-IMPL,FX-L1-059,workstation,NET-OFFICE,RK-L1-01,PP-02,5,SW-ACC-02,5,,30.3,PP-02-05 > TO-L1-008-A,TO-L1-008-A > PP-02-05
C-TO-L1-008-B,TO-L1-008-B,L1,L1-IMPL,FX-L1-059,phone_or_spare,NET-OFFICE,RK-L1-01,PP-02,6,SW-ACC-02,6,,30.3,PP-02-06 > TO-L1-008-B,TO-L1-008-B > PP-02-06
C-TO-L1-009-A,TO-L1-009-A,L1,L1-IMPL,FX-L1-061,workstation,NET-OFFICE,RK-L1-01,PP-02,7,SW-ACC-02,7,,31.5,PP-02-07 > TO-L1-009-A,TO-L1-009-A > PP-02-07
C-TO-L1-009-B,TO-L1-009-B,L1,L1-IMPL,FX-L1-061,phone_or_spare,NET-OFFICE,RK-L1-01,PP-02,8,SW-ACC-02,8,,31.5,PP-02-08 > TO-L1-009-B,TO-L1-009-B > PP-02-08
C-TO-L1-010-A,TO-L1-010-A,L1,L1-IMPL,FX-L1-063,workstation,NET-OFFICE,RK-L1-01,PP-02,9,SW-ACC-02,9,,28.7,PP-02-09 > TO-L1-010-A,TO-L1-010-A > PP-02-09
C-TO-L1-010-B,TO-L1-010-B,L1,L1-IMPL,FX-L1-063,phone_or_spare,NET-OFFICE,RK-L1-01,PP-02,10,SW-ACC-02,10,,28.7,PP-02-10 > TO-L1-010-B,TO-L1-010-B > PP-02-10
C-TO-L1-011-A,TO-L1-011-A,L1,L1-IMPL,FX-L1-065,display,NET-OFFICE,RK-L1-01,PP-02,11,SW-ACC-02,11,,27.5,PP-02-11 > TO-L1-011-A,TO-L1-011-A > PP-02-11
C-TO-L1-012-A,TO-L1-012-A,L1,L1-NOVA,FX-L1-069,workstation,NET-OFFICE,RK-L1-01,PP-02,12,SW-ACC-02,12,,18.3,PP-02-12 > TO-L1-012-A,TO-L1-012-A > PP-02-12
C-TO-L1-012-B,TO-L1-012-B,L1,L1-NOVA,FX-L1-069,phone_or_spare,NET-OFFICE,RK-L1-01,PP-02,13,SW-ACC-02,13,,18.3,PP-02-13 > TO-L1-012-B,TO-L1-012-B > PP-02-13
C-TO-L1-013-A,TO-L1-013-A,L1,L1-NOVA,FX-L1-071,workstation,NET-OFFICE,RK-L1-01,PP-02,14,SW-ACC-02,14,,15.5,PP-02-14 > TO-L1-013-A,TO-L1-013-A > PP-02-14
C-TO-L1-013-B,TO-L1-013-B,L1,L1-NOVA,FX-L1-071,phone_or_spare,NET-OFFICE,RK-L1-01,PP-02,15,SW-ACC-02,15,,15.5,PP-02-15 > TO-L1-013-B,TO-L1-013-B > PP-02-15
C-TO-L1-014-A,TO-L1-014-A,L1,L1-LAB,FX-L1-075,lab_device,NET-LAB,RK-L1-01,PP-02,16,SW-ACC-02,16,,20.8,PP-02-16 > TO-L1-014-A,TO-L1-014-A > PP-02-16
C-TO-L1-014-B,TO-L1-014-B,L1,L1-LAB,FX-L1-075,lab_device,NET-LAB,RK-L1-01,PP-02,17,SW-ACC-02,17,,20.8,PP-02-17 > TO-L1-014-B,TO-L1-014-B > PP-02-17
C-TO-L1-014-C,TO-L1-014-C,L1,L1-LAB,FX-L1-075,lab_device,NET-LAB,RK-L1-01,PP-02,18,SW-ACC-02,18,,20.8,PP-02-18 > TO-L1-014-C,TO-L1-014-C > PP-02-18
C-TO-L1-014-D,TO-L1-014-D,L1,L1-LAB,FX-L1-075,lab_device,NET-LAB,RK-L1-01,PP-02,19,SW-ACC-02,19,,20.8,PP-02-19 > TO-L1-014-D,TO-L1-014-D > PP-02-19
C-TO-L1-015-A,TO-L1-015-A,L1,L1-LAB,FX-L1-076,lab_device,NET-LAB,RK-L1-01,PP-02,20,SW-ACC-02,20,,18.7,PP-02-20 > TO-L1-015-A,TO-L1-015-A > PP-02-20
C-TO-L1-015-B,TO-L1-015-B,L1,L1-LAB,FX-L1-076,lab_device,NET-LAB,RK-L1-01,PP-02,21,SW-ACC-02,21,,18.7,PP-02-21 > TO-L1-015-B,TO-L1-015-B > PP-02-21
C-TO-L1-015-C,TO-L1-015-C,L1,L1-LAB,FX-L1-076,lab_device,NET-LAB,RK-L1-01,PP-02,22,SW-ACC-02,22,,18.7,PP-02-22 > TO-L1-015-C,TO-L1-015-C > PP-02-22
C-TO-L1-015-D,TO-L1-015-D,L1,L1-LAB,FX-L1-076,lab_device,NET-LAB,RK-L1-01,PP-02,23,SW-ACC-02,23,,18.7,PP-02-23 > TO-L1-015-D,TO-L1-015-D > PP-02-23
C-TO-L1-016-A,TO-L1-016-A,L1,L1-LAB,FX-L1-077,lab_device,NET-LAB,RK-L1-01,PP-02,24,SW-ACC-02,24,,17.1,PP-02-24 > TO-L1-016-A,TO-L1-016-A > PP-02-24
C-TO-L1-016-B,TO-L1-016-B,L1,L1-LAB,FX-L1-077,lab_device,NET-LAB,RK-L1-01,PP-03,1,SW-ACC-03,1,,17.1,PP-03-01 > TO-L1-016-B,TO-L1-016-B > PP-03-01
C-TO-L1-016-C,TO-L1-016-C,L1,L1-LAB,FX-L1-077,lab_device,NET-LAB,RK-L1-01,PP-03,2,SW-ACC-03,2,,17.1,PP-03-02 > TO-L1-016-C,TO-L1-016-C > PP-03-02
C-TO-L1-016-D,TO-L1-016-D,L1,L1-LAB,FX-L1-077,lab_device,NET-LAB,RK-L1-01,PP-03,3,SW-ACC-03,3,,17.1,PP-03-03 > TO-L1-016-D,TO-L1-016-D > PP-03-03
C-TO-L1-017-A,TO-L1-017-A,L1,L1-LAB,FX-L1-079,lab_uplink,NET-LAB,RK-L1-01,PP-03,4,SW-ACC-03,4,,13.4,PP-03-04 > TO-L1-017-A,TO-L1-017-A > PP-03-04
C-TO-L1-017-B,TO-L1-017-B,L1,L1-LAB,FX-L1-079,spare,NET-LAB,RK-L1-01,PP-03,5,SW-ACC-03,5,,13.4,PP-03-05 > TO-L1-017-B,TO-L1-017-B > PP-03-05
C-TO-L1-018-A,TO-L1-018-A,L1,L1-CEO,FX-L1-082,workstation,NET-OFFICE,RK-L1-01,PP-03,6,SW-ACC-03,6,,39.6,PP-03-06 > TO-L1-018-A,TO-L1-018-A > PP-03-06
C-TO-L1-018-B,TO-L1-018-B,L1,L1-CEO,FX-L1-082,phone_or_spare,NET-OFFICE,RK-L1-01,PP-03,7,SW-ACC-03,7,,39.6,PP-03-07 > TO-L1-018-B,TO-L1-018-B > PP-03-07
C-TO-L1-019-A,TO-L1-019-A,L1,L1-HUGO,FX-L1-089,workstation,NET-OFFICE,RK-L1-01,PP-03,8,SW-ACC-03,8,,35.7,PP-03-08 > TO-L1-019-A,TO-L1-019-A > PP-03-08
C-TO-L1-019-B,TO-L1-019-B,L1,L1-HUGO,FX-L1-089,phone_or_spare,NET-OFFICE,RK-L1-01,PP-03,9,SW-ACC-03,9,,35.7,PP-03-09 > TO-L1-019-B,TO-L1-019-B > PP-03-09
C-TO-L1-020-A,TO-L1-020-A,L1,L1-HUGO,FX-L1-091,workstation,NET-OFFICE,RK-L1-01,PP-03,10,SW-ACC-03,10,,33.9,PP-03-10 > TO-L1-020-A,TO-L1-020-A > PP-03-10
C-TO-L1-020-B,TO-L1-020-B,L1,L1-HUGO,FX-L1-091,phone_or_spare,NET-OFFICE,RK-L1-01,PP-03,11,SW-ACC-03,11,,33.9,PP-03-11 > TO-L1-020-B,TO-L1-020-B > PP-03-11
C-TO-L1-021-A,TO-L1-021-A,L1,L1-KEVIN,FX-L1-096,workstation,NET-OFFICE,RK-L1-01,PP-03,12,SW-ACC-03,12,,28.3,PP-03-12 > TO-L1-021-A,TO-L1-021-A > PP-03-12
C-TO-L1-021-B,TO-L1-021-B,L1,L1-KEVIN,FX-L1-096,phone_or_spare,NET-OFFICE,RK-L1-01,PP-03,13,SW-ACC-03,13,,28.3,PP-03-13 > TO-L1-021-B,TO-L1-021-B > PP-03-13
C-TO-L1-022-A,TO-L1-022-A,L1,L1-BRUNO,FX-L1-101,workstation,NET-OFFICE,RK-L1-01,PP-03,14,SW-ACC-03,14,,21.9,PP-03-14 > TO-L1-022-A,TO-L1-022-A > PP-03-14
C-TO-L1-022-B,TO-L1-022-B,L1,L1-BRUNO,FX-L1-101,phone_or_spare,NET-OFFICE,RK-L1-01,PP-03,15,SW-ACC-03,15,,21.9,PP-03-15 > TO-L1-022-B,TO-L1-022-B > PP-03-15
C-TO-L2-001-A,TO-L2-001-A,L2,L2-DINE,FX-L2-034,display,NET-DEMO,RK-L1-01,PP-03,16,SW-ACC-03,16,,42.5,PP-03-16 > TO-L2-001-A,TO-L2-001-A > PP-03-16
C-TO-L2-002-A,TO-L2-002-A,L2,L2-GAME,FX-L2-058,console,NET-DEMO,RK-L1-01,PP-03,17,SW-ACC-03,17,,24.7,PP-03-17 > TO-L2-002-A,TO-L2-002-A > PP-03-17
C-TO-L2-002-B,TO-L2-002-B,L2,L2-GAME,FX-L2-058,display,NET-DEMO,RK-L1-01,PP-03,18,SW-ACC-03,18,,24.7,PP-03-18 > TO-L2-002-B,TO-L2-002-B > PP-03-18
C-TO-L2-003-A,TO-L2-003-A,L2,L2-GAME,FX-L2-061,console,NET-DEMO,RK-L1-01,PP-03,19,SW-ACC-03,19,,19.1,PP-03-19 > TO-L2-003-A,TO-L2-003-A > PP-03-19
C-TO-L2-003-B,TO-L2-003-B,L2,L2-GAME,FX-L2-061,display,NET-DEMO,RK-L1-01,PP-03,20,SW-ACC-03,20,,19.1,PP-03-20 > TO-L2-003-B,TO-L2-003-B > PP-03-20
C-TO-L2-004-A,TO-L2-004-A,L2,L2-GAME,FX-L2-064,arcade,NET-DEMO,RK-L1-01,PP-03,21,SW-ACC-03,21,,24.6,PP-03-21 > TO-L2-004-A,TO-L2-004-A > PP-03-21
C-TO-L2-005-A,TO-L2-005-A,L2,L2-GAME,FX-L2-065,arcade,NET-DEMO,RK-L1-01,PP-03,22,SW-ACC-03,22,,23.7,PP-03-22 > TO-L2-005-A,TO-L2-005-A > PP-03-22
C-TO-L2-006-A,TO-L2-006-A,L2,L2-BILLIARD,FX-L2-079,display,NET-DEMO,RK-L1-01,PP-03,23,SW-ACC-03,23,,42.2,PP-03-23 > TO-L2-006-A,TO-L2-006-A > PP-03-23
C-TO-L2-007-A,TO-L2-007-A,L2,L2-GYM,FX-L2-087,display,NET-DEMO,RK-L1-01,PP-03,24,SW-ACC-03,24,,34.2,PP-03-24 > TO-L2-007-A,TO-L2-007-A > PP-03-24
