id,name,floor,category,access,noise,area_m2,seats,doors,doorConnected,sharedWall,ictOutlets,ictPorts
L1-MEET,Ruang rapat besar,L1,work,public,moderate,64.0,10,D-L1-02 D-L1-03,L1-CORR L1-LOBBY,L1-CORR L1-LOBBY,2,3
L1-LOBBY,Lobby & resepsi,L1,public,public,moderate,96.0,5,D-L1-ENT D-L1-01 D-L1-02 D-L1-04,EXT L1-CORR L1-GALLERY L1-MEET,L1-CORR L1-GALLERY L1-MEET,4,5
L1-GALLERY,Galeri portofolio,L1,public,public,quiet,48.0,2,D-L1-04 D-L1-05,L1-CORR L1-LOBBY,L1-CORR L1-LOBBY L1-PANTRY,0,0
L1-PANTRY,Pantry kerja,L1,wet,staff,moderate,28.0,2,D-L1-06,L1-CORR,L1-CORR L1-GALLERY L1-SHAFT-W L1-WC,0,0
L1-SHAFT-W,Shaft basah,L1,shaft,restricted,quiet,2.5,0,D-L1-08,L1-WC,L1-PANTRY L1-WC,0,0
L1-WC,Toilet aksesibel,L1,wet,public,quiet,17.5,0,D-L1-07 D-L1-08,L1-CORR L1-SHAFT-W,L1-CORR L1-PANTRY L1-SHAFT-W,0,0
L1-CORR,Koridor utama L1,L1,circulation,public,moderate,80.0,0,D-L1-01 D-L1-03 D-L1-05 D-L1-06 D-L1-07 D-L1-EXW D-L1-EXE D-L1-09 D-L1-10 D-L1-11 D-L1-12 D-L1-13,EXT L1-CORE L1-DISC L1-GALLERY L1-IMPL L1-LAB L1-LOBBY L1-MEET L1-NOVA L1-PANTRY L1-WC,L1-CORE L1-DISC L1-GALLERY L1-IMPL L1-LAB L1-LOBBY L1-MEET L1-NOVA L1-PANTRY L1-WC,2,2
L1-DISC,Ruang diskusi,L1,quiet,staff,quiet,36.0,4,D-L1-09,L1-CORR,L1-CORR L1-IMPL L1-NCORR,0,0
L1-IMPL,Ruang implementasi & review,L1,work,staff,moderate,48.0,6,D-L1-10,L1-CORR,L1-CORE L1-CORR L1-DISC L1-NCORR,8,14
L1-CORE,Inti tangga & lift L1,L1,circulation,public,moderate,36.0,0,D-L1-11 D-L1-14,L1-CORR L1-NCORR,L1-CORR L1-IMPL L1-NCORR L1-NOVA,0,0
L1-NOVA,Area Nova (spesifikasi ICT),L1,work,staff,quiet,36.0,2,D-L1-12,L1-CORR,L1-CORE L1-CORR L1-LAB L1-NCORR,2,4
L1-LAB,Lab ICT,L1,work,staff,moderate,36.0,1,D-L1-13 D-L1-22,L1-CORR L1-NCORR,L1-CORR L1-NCORR L1-NOVA,4,14
L1-NCORR,Koridor utara L1,L1,circulation,staff,moderate,64.0,0,D-L1-14 D-L1-22 D-L1-EXN D-L1-15 D-L1-16 D-L1-17 D-L1-18 D-L1-20 D-L1-21,EXT L1-BRUNO L1-CEO L1-CORE L1-HUGO L1-KEVIN L1-LAB L1-RISER L1-STORE,L1-BRUNO L1-CEO L1-CORE L1-DISC L1-HUGO L1-IMPL L1-KEVIN L1-LAB L1-NOVA L1-RISER L1-SERVER L1-STORE,2,2
L1-CEO,Ruang CEO,L1,quiet,staff,quiet,38.5,5,D-L1-15,L1-NCORR,L1-HUGO L1-NCORR,1,2
L1-HUGO,Studio Hugo,L1,work,staff,quiet,38.5,2,D-L1-16,L1-NCORR,L1-CEO L1-KEVIN L1-NCORR,2,4
L1-KEVIN,Studio Kevin,L1,work,staff,quiet,33.0,1,D-L1-17,L1-NCORR,L1-BRUNO L1-HUGO L1-NCORR,1,2
L1-BRUNO,Area Bruno,L1,work,staff,moderate,27.5,1,D-L1-18 D-L1-19,L1-NCORR L1-SERVER,L1-KEVIN L1-NCORR L1-SERVER,2,3
L1-SERVER,Ruang server,L1,restricted,restricted,moderate,22.0,0,D-L1-19,L1-BRUNO,L1-BRUNO L1-NCORR L1-RISER L1-STORE,0,0
L1-RISER,Riser ICT,L1,shaft,restricted,quiet,1.5,0,D-L1-20,L1-NCORR,L1-NCORR L1-SERVER L1-STORE,0,0
L1-STORE,Gudang & utilitas,L1,service,staff,quiet,15.0,0,D-L1-21,L1-NCORR,L1-NCORR L1-RISER L1-SERVER,0,0
L2-READ,Perpustakaan / reading nook,L2,quiet,staff,quiet,64.0,4,D-L2-02,L2-CORR,L2-CORR L2-LOUNGE,0,0
L2-LOUNGE,Lounge & coffee bar,L2,recreation,staff,moderate,96.0,9,D-L2-01 D-L2-04,L2-CORR L2-DINE,L2-CORR L2-DINE L2-READ,1,1
L2-DINE,Ruang makan & pantry,L2,recreation,staff,moderate,48.0,8,D-L2-03 D-L2-04,L2-CORR L2-LOUNGE,L2-CORR L2-LOUNGE L2-SHOWER,2,2
L2-SHOWER,Shower & ruang ganti,L2,wet,staff,quiet,28.0,2,D-L2-05,L2-CORR,L2-CORR L2-DINE L2-SHAFT-W L2-WC,0,0
L2-SHAFT-W,Shaft basah L2,L2,shaft,restricted,quiet,2.5,0,D-L2-07,L2-WC,L2-SHOWER L2-WC,0,0
L2-WC,Toilet L2,L2,wet,staff,quiet,17.5,0,D-L2-06 D-L2-07,L2-CORR L2-SHAFT-W,L2-CORR L2-SHAFT-W L2-SHOWER,0,0
L2-CORR,Koridor utama L2,L2,circulation,staff,moderate,80.0,0,D-L2-01 D-L2-02 D-L2-03 D-L2-05 D-L2-06 D-L2-EXE D-L2-08 D-L2-09 D-L2-10 D-L2-11,EXT L2-CHAT L2-CORE L2-DINE L2-GAME L2-GARDEN L2-LOUNGE L2-READ L2-SHOWER L2-WC,L2-CHAT L2-CORE L2-DINE L2-GAME L2-GARDEN L2-LOUNGE L2-READ L2-SHOWER L2-WC,2,2
L2-CHAT,Diskusi santai,L2,quiet,staff,quiet,36.0,4,D-L2-08,L2-CORR,L2-CORR L2-GARDEN L2-NCORR,0,0
L2-GARDEN,Taman dalam,L2,recreation,staff,quiet,48.0,2,D-L2-09,L2-CORR,L2-CHAT L2-CORE L2-CORR L2-NCORR,0,0
L2-CORE,Inti tangga & lift L2,L2,circulation,staff,moderate,36.0,0,D-L2-10 D-L2-12,L2-CORR L2-NCORR,L2-CORR L2-GAME L2-GARDEN L2-NCORR,0,0
L2-GAME,Ruang game,L2,recreation,staff,loud,72.0,8,D-L2-11 D-L2-19,L2-CORR L2-NCORR,L2-CORE L2-CORR L2-NCORR,5,7
L2-NCORR,Koridor utara L2,L2,circulation,staff,moderate,64.0,0,D-L2-12 D-L2-19 D-L2-13 D-L2-14 D-L2-15 D-L2-16 D-L2-17 D-L2-18,L2-BALCONY L2-BILLIARD L2-CORE L2-GAME L2-GYM L2-RISER L2-SERVICE L2-STORE,L2-BALCONY L2-BILLIARD L2-CHAT L2-CORE L2-GAME L2-GARDEN L2-GYM L2-RISER L2-SERVICE L2-STORE,2,2
L2-BALCONY,Balkon taman,L2,outdoor,staff,moderate,38.5,2,D-L2-13,L2-NCORR,L2-BILLIARD L2-NCORR,0,0
L2-BILLIARD,Ruang biliar,L2,recreation,staff,loud,38.5,0,D-L2-14,L2-NCORR,L2-BALCONY L2-GYM L2-NCORR,1,1
L2-GYM,Ruang olahraga,L2,recreation,staff,loud,49.5,3,D-L2-15,L2-NCORR,L2-BILLIARD L2-NCORR L2-STORE,2,2
L2-STORE,Gudang L2,L2,service,staff,quiet,33.0,0,D-L2-16,L2-NCORR,L2-GYM L2-NCORR L2-RISER L2-SERVICE,0,0
L2-RISER,Riser ICT L2,L2,shaft,restricted,quiet,1.5,0,D-L2-17,L2-NCORR,L2-NCORR L2-SERVICE L2-STORE,0,0
L2-SERVICE,Area servis L2,L2,service,staff,quiet,15.0,0,D-L2-18,L2-NCORR,L2-NCORR L2-RISER L2-STORE,0,0
